14,83,60310893313,0.004410698650061502,1311.7468357086182,164,1579
46,22,95866890194,0.006678604549084266,1310.3158473968506,164,1655
47,5,8998830857,0.027809359427151882,1323.9765167236328,164,1651
63,40,2931923010,0.019773643931769204,1320.749282836914,164,1647
120,98,35609861129,0.05759327569977962,1319.3259239196777,164,1732
127,3,93009870929,0.005936959556666119,1319.0269470214844,164,1692
160,101,3877321224,0.06466960495224296,1323.9574432373047,164,1648
173,118,83353374641,0.023361614575090145,1312.1278285980225,164,1594
180,74,1597157221,0.19520517252918373,1317.7752494812012,164,1649
274,21,45953162821,0.05245932778074638,1314.6288394927979,164,1648
19,173,1607037059,0.0,0.0,177,1636
26,12,1519634911,0.0,0.0,177,1693
87,60,76284122,0.0,0.0,177,1637
123,19,24014972370,0.0,0.0,177,1695
147,20,9142975893,0.0,0.0,177,1713
148,102,11982597755,0.0,0.0,177,1717
235,174,7635834895,0.0,0.0,177,1617
271,150,83919554544,0.0,0.0,177,1628
275,148,39411073955,0.0,0.0,177,1686
285,97,23371769145,0.0,0.0,177,1683
299,299,11982597755,0.03723336711610745,3037.121295928955,177,1717
299,299,1519634911,0.05581419787931188,3138.8936042785645,177,1693
299,299,82626545985,0.001341265178405669,2991.4581775665283,177,1637
299,299,23371769145,0.015131372038195695,3556.8037033081055,177,1683
299,299,24014972370,0.04564591456419037,3073.4221935272217,177,1695
299,299,9142975893,0.0017775290690990252,3173.1138229370117,177,1713
299,299,39411073955,0.00581264268120066,3288.85817527771,177,1686
299,299,53896034308,0.02150416465474209,3085.0765705108643,177,1617
299,299,83919554544,0.07116409429163857,3181.5342903137207,177,1628
299,299,1607037059,0.014265618192603226,3110.4934215545654,177,1636
22,108,44831876305,0.0,0.0,165,1720
24,43,98236829155,0.0,0.0,165,1643
88,93,86470834437,0.0,0.0,165,1658
154,41,87837770293,0.0,0.0,165,1658
181,53,83327246536,0.0,0.0,165,1712
192,128,90464176759,0.0,0.0,165,1688
215,28,10335889131,0.0,0.0,165,1648
254,7,98287068579,0.0,0.0,165,1629
256,113,33267975425,0.0,0.0,165,1707
265,65,29456911612,0.0,0.0,165,1662
299,299,70708993225,0.03196306722364035,3045.135259628296,165,1658
299,299,44831876305,0.05295000248464908,3004.171848297119,165,1720
299,299,90464176759,0.05999368592600367,3067.272186279297,165,1688
299,299,10335889131,0.02713586434119171,3030.2584171295166,165,1648
299,299,86470834437,0.046805825753693624,3087.120532989502,165,1658
299,299,10079931676,0.00775198011240844,3089.5769596099854,165,1707
299,299,98287068579,0.03907866465505286,3248.5604286193848,165,1629
299,299,43401765078,0.0068444347978583705,3017.204523086548,165,1643
299,299,90505921368,0.05688164782840627,3029.3798446655273,165,1662
299,299,83327246536,0.0031925459489976714,2967.1285152435303,165,1712
13,90,2053663944,0.0,0.0,141,1691
19,106,24840127813,0.0,0.0,141,1635
39,103,82399944067,0.0,0.0,141,1676
73,6,98672084122,0.0,0.0,141,1659
92,14,76605940286,0.0,0.0,141,1715
107,118,79312158080,0.0,0.0,141,1667
162,19,64385397820,0.0,0.0,141,1603
176,111,48103699423,0.0,0.0,141,1752
220,33,12126550738,0.0,0.0,141,1657
249,54,61974510598,0.0,0.0,141,1676
299,299,15032096684,0.011595656435183387,2988.87300491333,141,1752
299,299,92321217169,0.00023865046751428483,2921.7119216918945,141,1603
299,299,69006395282,0.0240338698574978,2897.334575653076,141,1657
299,299,59083539056,0.005523683350133778,3158.9295864105225,141,1667
299,299,82399944067,0.058956203039426794,2899.4102478027344,141,1676
299,299,57808766211,0.05841476148862536,3026.8757343292236,141,1659
299,299,15790920772,0.028870502505341834,3005.7618618011475,141,1691
299,299,24840127813,0.007431097007575212,2960.247755050659,141,1635
299,299,76605940286,0.00812553892744387,2962.2647762298584,141,1715
299,299,61974510598,0.015924687052206208,2991.4040565490723,141,1676
30,82,41519689706,0.0,0.0,186,1785
88,53,21820192943,0.0,0.0,186,1727
296,22,4589271385,0.0,0.0,186,1707
299,299,88709409000,0.052771854083214866,3217.985153198242,186,1785
299,299,4589271385,0.031106396172950433,3313.749074935913,186,1707
299,299,21820192943,0.020357752758217395,3403.590440750122,186,1727
0,111,68653143207,0.008602888119570957,1259.5267295837402,160,1750
11,34,7559217955,0.12087855895519599,1244.933843612671,160,1663
19,91,56580640473,0.08930632644531765,1242.6669597625732,160,1668
17,94,7533556747,0.0036772697723924043,1365.0600910186768,173,1738
21,25,13745032836,0.025827383876152795,1282.1946144104004,173,1703
28,167,13927113992,0.004820516817562972,1315.9327507019043,173,1692
7,18,20584086753,0.04465387700722207,1266.4306163787842,172,1703
26,93,98361976065,0.0006769427997092913,1194.3049430847168,172,1764
27,143,36940676290,0.05441262913499098,1234.619379043579,172,1634
7,150,44641504750,0.015903834526809386,1270.2131271362305,187,1682
18,125,49436838463,0.04641869558942617,1266.1893367767334,187,1667
24,33,36224644705,0.007197441844656952,1251.401662826538,187,1667
7,142,92536954931,0.030290976411881467,1330.4893970489502,167,1636
9,51,45809101300,0.0012628241371109967,1248.645544052124,167,1637
14,25,62245906319,0.09263407841848129,1269.8168754577637,167,1666
10,52,19683213677,0.012874040240951928,1453.446388244629,167,1655
10,27,92790653687,0.025594621777342286,1412.386178970337,167,1709
26,163,18299731853,0.012436617144183901,1530.4243564605713,167,1685
0,38,55687088625,0.0016694044073215226,1247.1623420715332,165,1582
9,133,45465893085,0.01213082111657481,1359.9045276641846,165,1675
22,13,76931487374,0.09239344861125678,1329.2837142944336,165,1726
1,78,89889295200,0.0023798797681022226,1653.0704498291016,174,1759
23,170,61144578661,0.05361286496926803,1762.277364730835,174,1673
27,109,1080230799,0.08308271710728224,1734.9574565887451,174,1669
2,80,70403085824,0.023247810199188743,1526.0953903198242,158,1672
17,127,98880279470,0.00726224628824259,1801.2175559997559,158,1699
26,117,52593874124,0.05206024392025984,1568.2499408721924,158,1680
12,40,11848951132,0.031508858971730586,1473.3948707580566,163,1625
24,1,78631003057,0.05456059142416365,1497.3933696746826,163,1673
26,79,93892951416,0.0009584329761045475,1491.3866519927979,163,1656
6,117,48026287031,0.01597914712444853,1465.8243656158447,171,1635
11,73,92809034964,0.005371984437261028,1521.9533443450928,171,1659
22,156,52475164961,0.014708906931695775,1477.834939956665,171,1662
12,26,59988881990,0.018294557868185922,1514.561414718628,165,1676
22,70,33881605260,0.006996249110711482,1472.0501899719238,165,1580
22,68,13392493448,0.0020128556952354413,1489.2284870147705,165,1693
0,7,26954268223,0,0,8,1604
1,2,36208555486,0,0,7,1604
2,5,5169244911,0,0,7,1604
1,2,1562873028,0,0,3,1721
2,1,59999530673,0,0,3,1721
2,2,20460028803,0,0,3,1721
0,1,43993267996,0.0,0.0,2,1638
2,1,68083037694,0.0,0.0,2,1638
2,1,33763698584,0.026356401639321375,7.519006729125977,2,1637
4,6,67924398960,0.036819884018515533,41.11623764038086,17,1688
10,11,9638163527,0.10345778484209915,42.00577735900879,17,1688
17,14,60419347152,0.0808386734086936,42.771100997924805,17,1688
1,7,52738831662,0.0,0.0,21,1717
1,12,50988332285,0.06961540965403874,37.516117095947266,21,1716
21,15,76359698291,0.0,0.0,21,1717
1,5,24406626595,0.0,0.0,13,1678
12,8,2794163568,0.0015443306965139765,42.53077507019043,13,1677
17,6,83533664352,0.0,0.0,13,1678
7,8,1205430765,0.06092352903443581,48.00772666931152,16,1684
10,9,47256668138,0.07481982219102899,49.51786994934082,16,1684
17,3,56010683223,0.25312587266901887,61.03825569152832,16,1684
1,14,11659833158,0.033903373542283094,53.01713943481445,17,1702
22,13,44346539702,0.0,0.0,17,1703
25,6,50298910997,0.019888432247586945,37.6584529876709,17,1702
5,5,19870498414,0.0,0.0,18,1686
20,13,20725063226,0.21687019215956188,36.513566970825195,18,1685
26,4,81716950924,0.0,0.0,18,1686
4,7,85372246177,0.03083441645561803,48.00105094909668,22,1700
20,7,38839049271,0.0,0.0,22,1700
25,3,78220536820,0.04233590723180367,50.35686492919922,22,1700
9,4,30855629864,0.04551721530235485,38.00368309020996,17,1647
17,12,65988995833,0.0,0.0,17,1648
19,6,62848260160,0.0,0.0,17,1648
6,3,7594224844,0.0,0.0,15,1675
14,11,14096120101,0.249849603627991,52.51884460449219,15,1674
24,5,11427899751,0.0,0.0,15,1675
3,11,2167024850,0.0,0.0,16,1711
8,8,70839025373,0.06914813890100961,40.50898551940918,16,1710
9,12,71194088100,0.0,0.0,16,1711
6,10,6489000185,0.05586542309496364,46.999216079711914,18,1700
16,3,11598736975,0.0,0.0,18,1701
20,8,72337962606,0.05365856481121386,43.52140426635742,18,1700
1,9,78356514700,0.20717110705747396,43.49350929260254,20,1732
18,19,82844317097,0.0,0.0,20,1732
19,10,90578667100,0.0,0.0,20,1733
10,13,42741410588,0.07631888848344345,71.53511047363281,19,1749
19,2,16826467487,0.0,0.0,19,1750
22,12,83985053920,0.0,0.0,19,1750
6,1,65138539019,0.0,0.0,2,1592
10,1,19531396451,0.008731798244609639,38.32364082336426,2,1591
18,1,1153786058,0.0,0.0,2,1592
40,1,77260788878,0.0,0.0,2,1592
40,1,96397522723,0.0,0.0,2,1592
40,1,18588515374,0.0,0.0,2,1592
40,1,58689189284,0.0,0.0,2,1592
40,1,62918440588,0.0,0.0,2,1592
40,1,42631393123,0.0,0.0,2,1592
40,1,87576719764,0.0,0.0,2,1592
40,1,76453434886,0.0,0.0,2,1592
40,1,61054884906,0.0,0.0,2,1592
40,1,94148194299,0.0,0.0,2,1592
40,1,4809904002,0.0,0.0,2,1592
40,1,10410956817,0.0,0.0,2,1592
40,1,64645005343,0.0,0.0,2,1592
40,1,75560643049,0.0,0.0,2,1592
40,1,31124447517,0.0,0.0,2,1592
40,1,47963923822,0.0,0.0,2,1592
40,1,40657099995,0.0,0.0,2,1592
40,1,29837552703,0.0,0.0,2,1592
40,1,54814577996,0.0,0.0,2,1592
40,1,86457912440,0.0,0.0,2,1592
9,1,1915407419,0.0,0.0,2,1636
12,1,96764427251,0.0,0.0,2,1636
26,1,39716710698,0.05559117080255533,37.58406639099121,2,1635
84,1,67179569747,0.0,0.0,2,1636
84,1,40978158676,0.0,0.0,2,1636
84,1,61422540877,0.0,0.0,2,1636
84,1,75118860063,0.0,0.0,2,1636
84,1,85848688250,0.0,0.0,2,1636
84,1,13184340561,0.0,0.0,2,1636
84,1,12247169244,0.0,0.0,2,1636
84,1,34151910743,0.0,0.0,2,1636
84,1,69771424829,0.0,0.0,2,1636
84,1,23082961491,0.0,0.0,2,1636
84,1,54156878008,0.0,0.0,2,1636
84,1,13689392028,0.0,0.0,2,1636
84,1,37005047841,0.0,0.0,2,1636
84,1,88868306992,0.0,0.0,2,1636
84,1,28954164815,0.0,0.0,2,1636
84,1,19109572432,0.0,0.0,2,1636
84,1,35386984566,0.0,0.0,2,1636
84,1,56858366087,0.0,0.0,2,1636
84,1,65916078621,0.0,0.0,2,1636
84,1,27626061212,0.0,0.0,2,1636
84,1,42335458812,0.0,0.0,2,1636
13,2,83681143852,0.10865132741563348,38.001298904418945,4,1658
19,3,67836090790,0.08887650296144331,41.521310806274414,4,1657
20,3,14557966301,0.060080062249640555,35.14838218688965,4,1659
92,1,57120818881,0.0,0.0,3,1660
92,3,98629201285,0.0,0.0,4,1660
92,1,59408043240,0.0,0.0,4,1660
92,2,8865520544,0.0,0.0,4,1660
92,1,95652862138,0.0,0.0,4,1660
92,1,18091386114,0.0,0.0,4,1660
92,3,12944436948,0.0,0.0,4,1660
92,1,91554230916,0.0,0.0,4,1660
92,1,58190535196,0.0,0.0,4,1660
92,3,66456921325,0.0,0.0,4,1660
92,2,12561026632,0.0,0.0,4,1660
92,3,11361832284,0.0,0.0,4,1660
92,3,67555395528,0.0,0.0,4,1660
92,3,86523617994,0.0,0.0,4,1660
92,1,36170892159,0.0,0.0,4,1660
92,2,443055367,0.0,0.0,4,1660
92,3,67768541315,0.0,0.0,4,1660
92,3,11791985014,0.0,0.0,4,1660
92,3,23757282328,0.0,0.0,4,1660
92,3,53057795338,0.0,0.0,4,1660
92,3,93658961260,0.0,0.0,4,1660
9,1,55220809864,0.2688135686219913,39.197444915771484,2,1626
14,1,25038976739,0.0,0.0,2,1628
15,1,68563936650,0.05529872204979091,40.00520706176758,2,1627
78,1,52777199308,0.0,0.0,2,1628
78,1,52449183779,0.0,0.0,2,1628
78,1,29415555621,0.0,0.0,2,1628
78,1,76121238557,0.0,0.0,2,1628
78,1,1039024836,0.0,0.0,2,1628
78,1,17478859338,0.0,0.0,2,1628
78,1,95676881661,0.0,0.0,2,1628
78,1,42270706791,0.0,0.0,2,1628
78,1,79254492771,0.0,0.0,2,1628
78,1,68563936650,0.0,0.0,2,1628
78,1,81778877466,0.0,0.0,2,1628
78,1,33991729034,0.0,0.0,2,1628
78,1,92941547325,0.0,0.0,2,1628
78,1,31604407144,0.0,0.0,2,1628
78,1,56271200774,0.0,0.0,2,1628
78,1,47575538060,0.0,0.0,2,1628
78,1,58740987813,0.0,0.0,2,1628
78,1,14486322666,0.0,0.0,2,1628
78,1,58648471908,0.0,0.0,2,1628
78,1,1422239085,0.0,0.0,2,1628
78,1,63512962742,0.0,0.0,2,1628
21,1,64437007901,0,0,2,1633
22,1,5716568734,0,0,2,1633
23,1,29227066554,0,0,2,1633
79,1,49786934938,0,0,2,1633
79,1,77930592371,0,0,2,1633
79,1,12226240313,0,0,2,1633
79,1,25715137275,0,0,2,1633
79,1,52740894610,0,0,2,1633
79,1,5640464460,0,0,2,1633
79,1,12226240313,0,0,2,1633
79,1,93077400099,0,0,2,1633
79,1,71453498222,0,0,2,1633
79,1,1849062479,0,0,2,1633
79,1,16692959222,0,0,2,1633
79,1,92342628694,0,0,2,1633
79,1,90437487612,0,0,2,1633
79,1,41152927547,0,0,2,1633
79,1,51270693044,0,0,2,1633
79,1,31022274400,0,0,2,1633
79,1,77971149730,0,0,2,1633
79,1,25912900801,0,0,2,1633
79,1,72687899609,0,0,2,1633
79,1,51941195847,0,0,2,1633
79,1,92390408507,0,0,2,1633
13,1,76506319952,0.058893847391218467,33.99991989135742,2,1694
19,1,18995499345,0.0,0.0,2,1695
20,1,73195824820,0.0,0.0,2,1695
85,1,37596597276,0.0,0.0,2,1695
85,1,31917281802,0.0,0.0,2,1695
85,1,19419121292,0.0,0.0,2,1695
85,1,95365326218,0.0,0.0,2,1695
85,1,61075226434,0.0,0.0,2,1695
85,1,75346136446,0.0,0.0,2,1695
85,1,53376437034,0.0,0.0,2,1695
85,1,97504017186,0.0,0.0,2,1695
85,1,11012952254,0.0,0.0,2,1695
85,1,51875644451,0.0,0.0,2,1695
85,1,61986983776,0.0,0.0,2,1695
85,1,9555929224,0.0,0.0,2,1695
85,1,63135460159,0.0,0.0,2,1695
85,1,29719953345,0.0,0.0,2,1695
85,1,87004790206,0.0,0.0,2,1695
85,1,24056110858,0.0,0.0,2,1695
85,1,88028779282,0.0,0.0,2,1695
85,1,34587447804,0.0,0.0,2,1695
85,1,84046951099,0.0,0.0,2,1695
85,1,8303801378,0.0,0.0,2,1695
85,1,50292146050,0.0,0.0,2,1695
85,1,79139209269,0.0,0.0,2,1695
85,1,58917092086,0.0,0.0,2,1695
85,1,69440802354,0.0,0.0,2,1695
85,1,54593847925,0.0,0.0,2,1695
85,1,12968245466,0.0,0.0,2,1695
85,1,91074486596,0.0,0.0,2,1695
85,1,53733832034,0.0,0.0,2,1695
85,1,45109419682,0.0,0.0,2,1695
85,1,44034341032,0.0,0.0,2,1695
85,1,71438367068,0.0,0.0,2,1695
85,1,15535907,0.0,0.0,2,1695
85,1,18250044907,0.0,0.0,2,1695
85,1,19219415043,0.0,0.0,2,1695
85,1,92129916749,0.0,0.0,2,1695
85,1,64129477280,0.0,0.0,2,1695
85,1,89629783867,0.0,0.0,2,1695
85,1,6335378457,0.0,0.0,2,1695
85,1,76310914586,0.0,0.0,2,1695
85,1,9818961402,0.0,0.0,2,1695
85,1,44938587999,0.0,0.0,2,1695
85,1,41207422666,0.0,0.0,2,1695
85,1,40663989591,0.0,0.0,2,1695
85,1,48762754885,0.0,0.0,2,1695
85,1,12206744826,0.0,0.0,2,1695
85,1,40456650572,0.0,0.0,2,1695
85,1,52303137721,0.0,0.0,2,1695
85,1,41592557708,0.0,0.0,2,1695
85,1,6364514804,0.0,0.0,2,1695
85,1,45435208908,0.0,0.0,2,1695
85,1,34404758653,0.0,0.0,2,1695
85,1,73185827792,0.0,0.0,2,1695
85,1,16437349895,0.0,0.0,2,1695
85,1,33903445606,0.0,0.0,2,1695
85,1,51646024834,0.0,0.0,2,1695
85,1,61490235369,0.0,0.0,2,1695
85,1,18464052037,0.0,0.0,2,1695
85,1,465075158,0.0,0.0,2,1695
85,1,5270949066,0.0,0.0,2,1695
85,1,78577724947,0.0,0.0,2,1695
85,1,19395873392,0.0,0.0,2,1695
85,1,26570261113,0.0,0.0,2,1695
85,1,48433971044,0.0,0.0,2,1695
85,1,98429823529,0.0,0.0,2,1695
85,1,40714471635,0.0,0.0,2,1695
85,1,54832612292,0.0,0.0,2,1695
85,1,55693508894,0.0,0.0,2,1695
85,1,24321029092,0.0,0.0,2,1695
85,1,31917281802,0.0,0.0,2,1695
85,1,37365795856,0.0,0.0,2,1695
85,1,45749088013,0.0,0.0,2,1695
85,1,94689606554,0.0,0.0,2,1695
85,1,96090280324,0.0,0.0,2,1695
85,1,73391406343,0.0,0.0,2,1695
85,1,16724585227,0.0,0.0,2,1695
85,1,67768374300,0.0,0.0,2,1695
85,1,84835225199,0.0,0.0,2,1695
85,1,82682340640,0.0,0.0,2,1695
85,1,25391715727,0.0,0.0,2,1695
85,1,8673409823,0.0,0.0,2,1695
85,1,29888430592,0.0,0.0,2,1695
85,1,70137916038,0.0,0.0,2,1695
2,1,78049733991,0.0,0.0,2,1675
8,1,53842133349,0.0,0.0,2,1674
12,1,71987952805,0.0210612276094031,33.513545989990234,2,1674
53,1,45305481775,0.0,0.0,2,1675
53,1,53667967434,0.0,0.0,2,1675
53,1,65537887101,0.0,0.0,2,1675
53,1,50092796285,0.0,0.0,2,1675
53,1,74926365236,0.0,0.0,2,1675
53,1,85844445248,0.0,0.0,2,1675
53,1,35056519165,0.0,0.0,2,1675
53,1,67632945670,0.0,0.0,2,1675
53,1,32726515866,0.0,0.0,2,1675
53,1,48579051825,0.0,0.0,2,1675
53,1,7271934335,0.0,0.0,2,1675
53,1,63057957972,0.0,0.0,2,1675
53,1,89272918164,0.0,0.0,2,1675
53,1,74968688219,0.0,0.0,2,1675
53,1,60019760713,0.0,0.0,2,1675
53,1,53237217391,0.0,0.0,2,1675
53,1,66860646799,0.0,0.0,2,1675
53,1,66299303485,0.0,0.0,2,1675
53,1,19449874722,0.0,0.0,2,1675
53,1,26560290835,0.0,0.0,2,1675
53,1,32463744531,0.0,0.0,2,1675
53,1,22886941208,0.0,0.0,2,1675
53,1,56529820103,0.0,0.0,2,1675
53,1,49816424304,0.0,0.0,2,1675
53,1,96708305498,0.0,0.0,2,1675
53,1,92520713399,0.0,0.0,2,1675
53,1,5421542515,0.0,0.0,2,1675
53,1,43078194807,0.0,0.0,2,1675
53,1,57284362104,0.0,0.0,2,1675
53,1,3973688252,0.0,0.0,2,1675
53,1,58612648529,0.0,0.0,2,1675
53,1,60643151195,0.0,0.0,2,1675
53,1,85045133274,0.0,0.0,2,1675
53,1,62352047854,0.0,0.0,2,1675
53,1,55605111564,0.0,0.0,2,1675
53,1,67199779429,0.0,0.0,2,1675
53,1,7428014587,0.0,0.0,2,1675
53,1,36054558827,0.0,0.0,2,1675
53,1,50771095170,0.0,0.0,2,1675
53,1,95584863867,0.0,0.0,2,1675
53,1,55412527757,0.0,0.0,2,1675
53,1,28051731770,0.0,0.0,2,1675
53,1,3761616513,0.0,0.0,2,1675
53,1,96141730733,0.0,0.0,2,1675
53,1,2563062864,0.0,0.0,2,1675
53,1,76032181162,0.0,0.0,2,1675
53,1,79518195997,0.0,0.0,2,1675
53,1,53509225219,0.0,0.0,2,1675
53,1,76778049740,0.0,0.0,2,1675
53,1,42588683167,0.0,0.0,2,1675
53,1,18101092301,0.0,0.0,2,1675
53,1,67550916030,0.0,0.0,2,1675
53,1,92930907693,0.0,0.0,2,1675
53,1,25833673770,0.0,0.0,2,1675
53,1,6432582117,0.0,0.0,2,1675
53,1,14092860467,0.0,0.0,2,1675
53,1,18101092301,0.0,0.0,2,1675
53,1,7854214484,0.0,0.0,2,1675
53,1,59072940694,0.0,0.0,2,1675
53,1,540067004,0.0,0.0,2,1675
53,1,52579661835,0.0,0.0,2,1675
53,1,53842133349,0.0,0.0,2,1675
53,1,69140229037,0.0,0.0,2,1675
53,1,59276702939,0.0,0.0,2,1675
53,1,67335647239,0.0,0.0,2,1675
53,1,89126436316,0.0,0.0,2,1675
53,1,22842899576,0.0,0.0,2,1675
53,1,30051176780,0.0,0.0,2,1675
53,1,56325732791,0.0,0.0,2,1675
53,1,78425520427,0.0,0.0,2,1675
53,1,18222959345,0.0,0.0,2,1675
53,1,39835938423,0.0,0.0,2,1675
53,1,92808154794,0.0,0.0,2,1675
53,1,24087676558,0.0,0.0,2,1675
53,1,9720812564,0.0,0.0,2,1675
53,1,95563499962,0.0,0.0,2,1675
53,1,67251964076,0.0,0.0,2,1675
53,1,72157593484,0.0,0.0,2,1675
53,1,66975787710,0.0,0.0,2,1675
53,1,3957220140,0.0,0.0,2,1675
2,7,82400672981,0.05370134293608026,55.53460121154785,39,299
18,19,37009229498,0.0859669923401109,38.5136604309082,39,299
24,30,29221940275,0.0007039424093128697,43.99871826171875,39,299
67,2,32494313960,0.0,0.0,5,300
67,1,4612924946,0.0,0.0,6,300
67,4,53172861496,0.0,0.0,7,300
67,3,97744756391,0.0,0.0,10,300
67,2,79712401963,0.0,0.0,13,300
67,8,29640144832,0.0,0.0,15,300
67,5,73016440457,0.0,0.0,16,300
67,5,60026175582,0.0,0.0,17,300
67,5,37636096618,0.0,0.0,19,300
67,9,58033165991,0.0,0.0,21,300
67,7,8185319943,0.0,0.0,23,300
67,1,63427039662,0.0,0.0,24,300
67,14,3994925835,0.0,0.0,24,300
67,12,40413602612,0.0,0.0,27,300
67,9,53776220701,0.0,0.0,31,300
67,9,53043967330,0.0,0.0,32,300
67,17,21791286491,0.0,0.0,34,300
67,14,44853170269,0.0,0.0,36,300
67,38,64216153531,0.0,0.0,39,300
67,11,31900840529,0.0,0.0,39,300
67,12,82392955667,0.0,0.0,39,300
67,32,58033165991,0.0,0.0,39,300
67,9,58342320620,0.0,0.0,39,300
67,30,88607119234,0.0,0.0,39,300
67,6,54297105645,0.0,0.0,39,300
67,4,19545263778,0.0,0.0,39,300
67,20,33445011948,0.0,0.0,39,300
67,7,70903790680,0.0,0.0,39,300
67,31,29852948987,0.0,0.0,39,300
67,25,35432902484,0.0,0.0,39,300
67,36,3492070316,0.0,0.0,39,300
67,17,91323808766,0.0,0.0,39,300
67,29,8370497225,0.0,0.0,39,300
67,25,60026175582,0.0,0.0,39,300
67,12,67065435163,0.0,0.0,39,300
67,17,22003711717,0.0,0.0,39,300
67,27,29468981654,0.0,0.0,39,300
67,10,34594932071,0.0,0.0,39,300
67,36,94230042634,0.0,0.0,39,300
67,24,21791286491,0.0,0.0,39,300
67,3,29234909106,0.0,0.0,39,300
67,26,28963268000,0.0,0.0,39,300
67,12,88690688635,0.0,0.0,39,300
67,13,95184710682,0.0,0.0,39,300
67,19,98357407707,0.0,0.0,39,300
67,22,37981340567,0.0,0.0,39,300
67,16,93479146425,0.0,0.0,39,300
67,24,68451184922,0.0,0.0,39,300
67,11,50028264663,0.0,0.0,39,300
67,14,29221940275,0.0,0.0,39,300
67,31,15517326339,0.0,0.0,39,300
67,1,94230042634,0.0,0.0,39,300
67,18,53650283856,0.0,0.0,39,300
67,21,77489402836,0.0,0.0,39,300
67,12,16261764466,0.0,0.0,39,300
67,32,94359512603,0.0,0.0,39,300
67,7,12302136079,0.0,0.0,39,300
67,9,42450021948,0.0,0.0,39,300
67,3,15291344232,0.0,0.0,39,300
67,25,57244582821,0.0,0.0,39,300
67,14,87915347888,0.0,0.0,39,300
67,2,1028642134,0.0,0.0,39,300
67,30,4044324501,0.0,0.0,39,300
67,35,76844946303,0.0,0.0,39,300
67,22,31622927596,0.0,0.0,39,300
67,21,58876625951,0.0,0.0,39,300
67,38,99265244610,0.0,0.0,39,300
67,5,4612924946,0.0,0.0,39,300
67,31,95184710682,0.0,0.0,39,300
67,31,84933548070,0.0,0.0,39,300
67,24,40413602612,0.0,0.0,39,300
67,1,35410711549,0.0,0.0,39,300
67,4,50455073707,0.0,0.0,39,300
67,33,32494313960,0.0,0.0,39,300
67,28,177911536,0.0,0.0,39,300
67,11,54426589082,0.0,0.0,39,300
67,17,690972701,0.0,0.0,39,300
67,24,38264290175,0.0,0.0,39,300
67,11,94987359512,0.0,0.0,39,300
67,37,37153040197,0.0,0.0,39,300
67,10,10808618569,0.0,0.0,39,300
67,33,5641486656,0.0,0.0,39,300
67,18,39945263803,0.0,0.0,39,300
3,1,7170666412,0.01648352109315113,41.63861274719238,2,1655
12,1,19309863298,0.00649496842478426,42.01555252075195,2,1654
14,1,34911640289,0.033354904726780286,41.50843620300293,2,1656
85,1,41406561193,0.0,0.0,2,1657
85,1,41181639379,0.0,0.0,2,1657
85,1,43477706414,0.0,0.0,2,1657
85,1,93713612245,0.0,0.0,2,1657
85,1,75663614414,0.0,0.0,2,1657
85,1,52761326332,0.0,0.0,2,1657
85,1,55409609338,0.0,0.0,2,1657
85,1,84008600376,0.0,0.0,2,1657
85,1,63084674295,0.0,0.0,2,1657
85,1,16921403496,0.0,0.0,2,1657
85,1,86397997843,0.0,0.0,2,1657
85,1,99178574072,0.0,0.0,2,1657
85,1,1693918705,0.0,0.0,2,1657
85,1,30735264431,0.0,0.0,2,1657
3,11,87501875217,0.0,0.0,76,300
14,4,27512829476,0.0,0.0,76,300
21,3,74216453688,0.0,0.0,5,300
21,3,15389187796,0.0,0.0,9,300
21,1,42798320860,0.0,0.0,11,300
21,2,41974688351,0.0,0.0,14,300
21,13,9877575781,0.0,0.0,16,300
21,10,55650860120,0.0,0.0,24,300
21,27,73432358349,0.0,0.0,30,300
21,16,50306566805,0.0,0.0,31,300
21,18,96263338254,0.0,0.0,33,300
21,4,20019851796,0.0,0.0,33,300
21,20,53987696310,0.0,0.0,37,300
21,31,94808927967,0.0,0.0,46,300
21,35,31369739216,0.0,0.0,50,300
21,16,42798320860,0.0,0.0,56,300
21,23,79229356200,0.0,0.0,59,300
21,18,69275015129,0.0,0.0,62,300
21,39,2624593359,0.0,0.0,66,300
21,4,56965258041,0.0,0.0,68,300
21,31,68830571102,0.0,0.0,72,300
21,75,57130281242,0.0,0.0,76,300
21,57,87755899973,0.0,0.0,76,300
21,5,60139597164,0.0,0.0,76,300
21,2,9145978252,0.0,0.0,76,300
21,11,93995086899,0.0,0.0,76,300
21,19,41473198964,0.0,0.0,76,300
21,27,44816313936,0.0,0.0,76,300
21,58,82686068924,0.0,0.0,76,300
21,8,70780677471,0.0,0.0,76,300
21,62,94300543607,0.0,0.0,76,300
21,43,33859376216,0.0,0.0,76,300
21,7,64580294222,0.0,0.0,76,300
21,36,28678916877,0.0,0.0,76,300
21,44,89754116664,0.0,0.0,76,300
21,36,75374535904,0.0,0.0,76,300
21,27,42597849128,0.0,0.0,76,300
21,6,27956571101,0.0,0.0,76,300
21,51,62837492157,0.0,0.0,76,300
21,4,14970354791,0.0,0.0,76,300
21,37,50689227896,0.0,0.0,76,300
21,47,89754116664,0.0,0.0,76,300
21,36,30914387755,0.0,0.0,76,300
21,16,37531635307,0.0,0.0,76,300
24,66,37028745596,0.06554524959159012,51.51486396789551,76,299
0,33,45109147793,0.3421031427364957,35.51340103149414,64,299
7,22,68142372155,0.0,0.0,64,300
10,21,40531591392,0.0,0.0,64,300
64,7,3375834685,0.0,0.0,19,300
64,22,82225464812,0.0,0.0,26,300
64,9,72624390786,0.0,0.0,36,300
64,22,23942342405,0.0,0.0,46,300
64,27,46142506071,0.0,0.0,53,300
64,63,23942342405,0.0,0.0,64,300
64,13,43871282056,0.0,0.0,64,300
64,7,30623129966,0.0,0.0,64,300
64,52,57331006915,0.0,0.0,64,300
64,43,76937219291,0.0,0.0,64,300
64,37,4703422734,0.0,0.0,64,300
64,18,4703422734,0.0,0.0,64,300
64,53,54244195545,0.0,0.0,64,300
64,49,8651903968,0.0,0.0,64,300
64,22,64866693852,0.0,0.0,64,300
64,12,23632369686,0.0,0.0,64,300
64,39,5549101887,0.0,0.0,64,300
64,22,85163430661,0.0,0.0,64,300
64,6,82169020121,0.0,0.0,64,300
64,33,43006741596,0.0,0.0,64,300
64,39,96439715896,0.0,0.0,64,300
5,44,79929637633,0.0,0.0,156,300
7,118,98557825018,0.19223764283211137,35.192251205444336,157,299
14,7,62710315843,0.0,0.0,157,300
31,1,2722691834,0.0,0.0,7,300
31,8,26789140468,0.0,0.0,14,300
31,20,18766361808,0.0,0.0,23,300
31,13,35470657370,0.0,0.0,26,300
31,12,87399250526,0.0,0.0,32,300
31,20,43088893079,0.0,0.0,38,300
31,17,35470657370,0.0,0.0,46,300
31,46,66106736794,0.0,0.0,48,300
31,4,2803478921,0.0,0.0,55,300
31,51,33204880199,0.0,0.0,65,300
31,14,27990020887,0.0,0.0,70,300
31,69,97230888772,0.0,0.0,79,300
31,61,71879233786,0.0,0.0,85,300
31,28,1306383847,0.0,0.0,90,300
31,59,26623075461,0.0,0.0,93,300
31,59,35598537108,0.0,0.0,98,300
31,84,91621053160,0.0,0.0,103,300
31,10,21258416747,0.0,0.0,107,300
31,76,45320646055,0.0,0.0,111,300
31,85,41111100961,0.0,0.0,114,300
31,24,4328172056,0.0,0.0,121,300
31,37,96328271741,0.0,0.0,123,300
31,68,23062329241,0.0,0.0,130,300
31,94,52902754048,0.0,0.0,135,300
31,29,79018425285,0.0,0.0,142,300
31,27,37147494506,0.0,0.0,150,300
31,26,53343134298,0.0,0.0,152,300
31,142,23150106774,0.0,0.0,157,300
0,145,49421273614,0.0,0.0,156,300
0,84,51868086794,0.0,0.0,156,300
12,128,34545204675,0.024406412345670297,50.997257232666016,156,299
2,133,68038240127,0.12166826165310665,42.51742362976074,159,299
4,146,53121617474,0.0,0.0,159,300
26,6,28610402630,0.20367121905903807,41.3210391998291,159,299
3,2,13127494226,0.0,0.0,169,300
8,132,52840971744,0.036333931491466506,44.00753974914551,169,299
16,127,68916667577,0.03870840467935724,43.52092742919922,169,299
16,19,56931764397,0.07059081248478861,40.00282287597656,159,299
23,46,72760275449,0.0,0.0,159,300
25,19,89872564878,0.0,0.0,159,299
1,101,77693420575,0.0,0.0,160,300
10,51,22712279656,0.011067631644509914,41.092872619628906,160,299
19,122,68690302165,0.07437738976736342,47.99938201904297,160,299
14,119,25325663114,0.0,0.0,171,300
15,25,50531660329,0.061215753063574005,43.517351150512695,171,299
17,79,28192170553,0.012594377569706253,45.027971267700195,171,299
11,25,24334011029,0.04441238302310671,38.52105140686035,164,299
19,94,49220487466,0.0,0.0,164,300
22,131,4800894693,0.04882155591653444,48.00987243652344,164,299
6,3,5367906287,0.08376762281726122,54.00490760803223,16,299
15,3,16264948197,0.0,0.0,16,300
18,9,8406498512,0.0,0.0,16,300
42,2,26710559186,0.0,0.0,5,300
42,1,43332565605,0.0,0.0,8,300
42,2,287928686,0.0,0.0,8,300
42,4,79041620283,0.0,0.0,10,300
42,9,62795056875,0.0,0.0,12,300
42,15,53256831644,0.0,0.0,16,300
42,15,2718595021,0.0,0.0,16,300
42,5,5847974048,0.0,0.0,16,300
42,10,8168697873,0.0,0.0,16,300
42,15,3452527090,0.0,0.0,16,300
42,2,74285471748,0.0,0.0,16,300
42,8,36166026542,0.0,0.0,16,300
42,5,77199783897,0.0,0.0,16,300
42,10,69094069280,0.0,0.0,16,300
42,8,50247058979,0.0,0.0,16,300
42,15,19022990583,0.0,0.0,16,300
42,9,33005933354,0.0,0.0,16,300
42,15,24088241809,0.0,0.0,16,300
42,10,67889284036,0.0,0.0,16,300
42,3,79041620283,0.0,0.0,16,300
42,8,23661588287,0.0,0.0,16,300
42,14,67717980023,0.0,0.0,16,300
42,3,1413758768,0.0,0.0,16,300
42,10,60029775827,0.0,0.0,16,300
42,5,89779877542,0.0,0.0,16,300
42,5,49678248537,0.0,0.0,16,300
42,1,90062665095,0.0,0.0,16,300
42,1,48072279510,0.0,0.0,16,300
42,15,35440418500,0.0,0.0,16,300
42,14,97898021597,0.0,0.0,16,300
42,12,75231321274,0.0,0.0,16,300
42,13,64181730166,0.0,0.0,16,300
42,4,80370342701,0.0,0.0,16,300
42,6,32405541008,0.0,0.0,16,300
42,10,7416353109,0.0,0.0,16,300
42,11,4420833913,0.0,0.0,16,300
42,15,89779877542,0.0,0.0,16,300
42,5,76393798658,0.0,0.0,16,300
42,10,3452527090,0.0,0.0,16,300
42,12,8729674801,0.0,0.0,16,300
42,13,33005933354,0.0,0.0,16,300
42,15,21715277398,0.0,0.0,16,300
42,1,20635800779,0.0,0.0,16,300
42,5,14753043508,0.0,0.0,16,300
42,4,25592517891,0.0,0.0,16,300
42,15,56417220195,0.0,0.0,16,300
42,3,59510384444,0.0,0.0,16,300
42,9,41783688396,0.0,0.0,16,300
42,14,74014743060,0.0,0.0,16,300
42,9,7516878305,0.0,0.0,16,300
42,13,36166026542,0.0,0.0,16,300
42,11,64499372532,0.0,0.0,16,300
42,8,92302711211,0.0,0.0,16,300
42,4,31624266109,0.0,0.0,16,300
42,6,79827824476,0.0,0.0,16,300
42,5,31624266109,0.0,0.0,16,300
42,1,82306874194,0.0,0.0,16,300
42,12,17460080523,0.0,0.0,16,300
42,5,21715277398,0.0,0.0,16,300
42,6,80887817921,0.0,0.0,16,300
42,13,6643151350,0.0,0.0,16,300
42,14,56036728113,0.0,0.0,16,300
42,6,37507697789,0.0,0.0,16,300
42,1,97910486840,0.0,0.0,16,300
42,7,16845815971,0.0,0.0,16,300
42,11,63804586954,0.0,0.0,16,300
42,3,37808869394,0.0,0.0,16,300
42,11,81577606464,0.0,0.0,16,300
42,9,15233145513,0.0,0.0,16,300
42,10,62318098165,0.0,0.0,16,300
42,6,84774092416,0.0,0.0,16,300
42,13,40911963287,0.0,0.0,16,300
42,6,41026528084,0.0,0.0,16,300
42,14,24276993133,0.0,0.0,16,300
42,8,68391521536,0.0,0.0,16,300
42,10,16845815971,0.0,0.0,16,300
42,5,93344999423,0.0,0.0,16,300
42,5,84682405817,0.0,0.0,16,300
42,12,62318098165,0.0,0.0,16,300
42,4,49603765688,0.0,0.0,16,300
42,4,7355284448,0.0,0.0,16,300
42,2,21928896072,0.0,0.0,16,300
42,15,96858971440,0.0,0.0,16,300
42,12,90012618783,0.0,0.0,16,300
4,1,91531683104,0.0,0.0,2,299
22,1,71142944664,0.011699109326898726,67.8873062133789,2,299
22,1,75758614879,0.04325068926755764,68.34983825683594,2,298
46,1,39379991784,0.0,0.0,2,300
46,1,67398151423,0.0,0.0,2,300
46,1,18246326336,0.0,0.0,2,300
46,1,29320529168,0.0,0.0,2,300
46,1,38012666797,0.0,0.0,2,300
46,1,52599268102,0.0,0.0,2,300
46,1,99797159747,0.0,0.0,2,300
46,1,73195397976,0.0,0.0,2,300
46,1,89216038421,0.0,0.0,2,300
46,1,14547521795,0.0,0.0,2,300
46,1,36372826042,0.0,0.0,2,300
46,1,47909629092,0.0,0.0,2,300
46,1,26167682820,0.0,0.0,2,300
46,1,55769990378,0.0,0.0,2,300
46,1,34008758812,0.0,0.0,2,300
46,1,67757863155,0.0,0.0,2,300
46,1,34008758812,0.0,0.0,2,300
46,1,29610574698,0.0,0.0,2,300
46,1,46825641099,0.0,0.0,2,300
46,1,67035952547,0.0,0.0,2,300
46,1,67398151423,0.0,0.0,2,300
46,1,42032233113,0.0,0.0,2,300
46,1,71127390671,0.0,0.0,2,300
46,1,12831620740,0.0,0.0,2,300
46,1,74582974425,0.0,0.0,2,300
46,1,94737105315,0.0,0.0,2,300
46,1,73032621900,0.0,0.0,2,300
46,1,20611428142,0.0,0.0,2,300
46,1,74266569613,0.0,0.0,2,300
46,1,3008849641,0.0,0.0,2,300
46,1,30490567666,0.0,0.0,2,300
46,1,55023606701,0.0,0.0,2,300
46,1,28152895259,0.0,0.0,2,300
46,1,30535283807,0.0,0.0,2,300
46,1,31229036403,0.0,0.0,2,300
46,1,95688405602,0.0,0.0,2,300
46,1,32683818477,0.0,0.0,2,300
46,1,42949511696,0.0,0.0,2,300
46,1,97741494513,0.0,0.0,2,300
46,1,10661827429,0.0,0.0,2,300
46,1,41845551821,0.0,0.0,2,300
46,1,71434175600,0.0,0.0,2,300
46,1,39156597938,0.0,0.0,2,300
46,1,34008758812,0.0,0.0,2,300
46,1,7959096828,0.0,0.0,2,300
46,1,1954090800,0.0,0.0,2,300
46,1,9799880384,0.0,0.0,2,300
46,1,58876829060,0.0,0.0,2,300
46,1,2814185873,0.0,0.0,2,300
46,1,30490567666,0.0,0.0,2,300
46,1,41692349365,0.0,0.0,2,300
46,1,16195212295,0.0,0.0,2,300
46,1,21730192749,0.0,0.0,2,300
46,1,31639518391,0.0,0.0,2,300
46,1,68785737167,0.0,0.0,2,300
46,1,50482506649,0.0,0.0,2,300
46,1,5777643255,0.0,0.0,2,300
46,1,75532686776,0.0,0.0,2,300
46,1,73280025292,0.0,0.0,2,300
46,1,61829639932,0.0,0.0,2,300
46,1,7513293047,0.0,0.0,2,300
46,1,31229036403,0.0,0.0,2,300
46,1,79423529397,0.0,0.0,2,300
46,1,75532686776,0.0,0.0,2,300
46,1,91992320613,0.0,0.0,2,300
46,1,95688405602,0.0,0.0,2,300
46,1,19516287099,0.0,0.0,2,300
46,1,71127390671,0.0,0.0,2,300
46,1,11884378249,0.0,0.0,2,300
46,1,44455796999,0.0,0.0,2,300
46,1,26497502082,0.0,0.0,2,300
46,1,8539757738,0.0,0.0,2,300
46,1,63659289962,0.0,0.0,2,300
46,1,40519399214,0.0,0.0,2,300
46,1,43008917815,0.0,0.0,2,300
46,1,26167682820,0.0,0.0,2,300
46,1,59433586937,0.0,0.0,2,300
46,1,73195397976,0.0,0.0,2,300
46,1,5777643255,0.0,0.0,2,300
46,1,99683079518,0.0,0.0,2,300
46,1,38934142675,0.0,0.0,2,300
46,1,43707369147,0.0,0.0,2,300
46,1,48692551867,0.0,0.0,2,300
46,1,27255481122,0.0,0.0,2,300
12,52,1319712690,0.0,0.0,170,300
16,161,30925962481,0.03276460911333693,68.81904602050781,170,299
16,90,70080125401,0.01558669484234865,69.41533088684082,170,299
64,6,72666648550,0.0,0.0,8,300
64,13,14855131847,0.0,0.0,24,300
64,4,2121159604,0.0,0.0,31,300
64,37,36114158198,0.0,0.0,40,300
64,3,2031084368,0.0,0.0,52,300
64,38,59896431366,0.0,0.0,62,300
64,68,89912519620,0.0,0.0,70,300
64,64,89459892820,0.0,0.0,82,300
64,18,81242674084,0.0,0.0,88,300
64,50,92904778142,0.0,0.0,96,300
64,45,40792906019,0.0,0.0,104,300
64,3,37051579821,0.0,0.0,116,300
64,123,42770857387,0.0,0.0,125,300
64,120,48006358185,0.0,0.0,133,300
64,31,70080125401,0.0,0.0,144,300
64,57,25531090417,0.0,0.0,159,300
64,124,78620362676,0.0,0.0,170,300
4,133,13839590276,0.12982580543698824,80.45291900634766,157,299
8,135,31269480567,0.14632857701493487,72.65114784240723,157,299
18,75,64646759142,0.024590612839085264,75.55913925170898,157,299
6,107,49844559275,0.0,0.0,163,300
17,158,26733524464,0.04043694139153533,69.14615631103516,163,299
25,45,16213694672,0.0,0.0,163,300
27,5,6076185083,0.0,0.0,8,300
27,1,32190951783,0.0,0.0,14,300
27,16,84794246960,0.0,0.0,22,300
27,22,37526847939,0.0,0.0,32,300
27,11,22865829318,0.0,0.0,37,300
27,11,10488902967,0.0,0.0,42,300
27,4,66867167047,0.0,0.0,49,300
27,10,74040023849,0.0,0.0,54,300
27,28,45525318585,0.0,0.0,56,300
27,39,33929760346,0.0,0.0,67,300
27,65,19715802156,0.0,0.0,70,300
27,22,92550561716,0.0,0.0,84,300
27,5,62537740174,0.0,0.0,87,300
27,16,11966068146,0.0,0.0,95,300
27,40,92837300043,0.0,0.0,99,300
27,50,42659057444,0.0,0.0,105,300
27,13,85026915441,0.0,0.0,110,300
27,95,81219665791,0.0,0.0,116,300
27,112,27849729167,0.0,0.0,119,300
27,75,56563703768,0.0,0.0,122,300
27,30,6552608580,0.0,0.0,127,300
27,95,7717522000,0.0,0.0,133,300
27,7,65027573269,0.0,0.0,137,300
27,113,57723267137,0.0,0.0,140,300
27,87,22426167757,0.0,0.0,145,300
27,36,60893498384,0.0,0.0,151,300
27,49,28025153329,0.0,0.0,157,300
27,67,47349426803,0.0,0.0,163,300
0,1,60379307595,0.018038083898076006,77.75568962097168,5,299
16,2,73811581352,0.05851865589103812,75.9577751159668,5,299
25,3,51457516574,0.0,0.0,5,300
56,4,92314819350,0.0,0.0,5,300
56,2,40505289673,0.0,0.0,5,300
56,4,95140869266,0.0,0.0,5,300
56,2,28892100917,0.0,0.0,5,300
56,4,84371858775,0.0,0.0,5,300
56,3,66394984426,0.0,0.0,5,300
56,3,76136996796,0.0,0.0,5,300
56,1,95148502563,0.0,0.0,5,300
56,3,13576250221,0.0,0.0,5,300
56,2,44747610647,0.0,0.0,5,300
56,2,53995239041,0.0,0.0,5,300
56,3,63363120840,0.0,0.0,5,300
56,2,18701276891,0.0,0.0,5,300
56,3,82528236643,0.0,0.0,5,300
56,1,37505981479,0.0,0.0,5,300
56,3,28124579279,0.0,0.0,5,300
56,1,54064800430,0.0,0.0,5,300
56,4,96037218996,0.0,0.0,5,300
56,1,14204978048,0.0,0.0,5,300
56,1,95605662711,0.0,0.0,5,300
56,2,31971758752,0.0,0.0,5,300
56,1,67536842928,0.0,0.0,5,300
56,4,23329485767,0.0,0.0,5,300
56,3,13356126998,0.0,0.0,5,300
56,3,4805482065,0.0,0.0,5,300
56,3,70501306392,0.0,0.0,5,300
56,3,4805482065,0.0,0.0,5,300
56,1,53629823215,0.0,0.0,5,300
56,1,76136996796,0.0,0.0,5,300
8,13,19830183935,0.013886815253248284,72.5102424621582,32,299
11,2,65576616239,0.0,0.0,32,300
18,3,12117775390,0.002790221008335438,71.19059562683105,32,299
85,6,48291901448,0.0,0.0,8,300
85,10,89560386468,0.0,0.0,17,300
85,4,25878474919,0.0,0.0,32,300
5,41,64506851622,0.1339862324164224,67.20471382141113,234,299
15,129,67977156519,0.0627329195966635,69.79966163635254,234,299
16,20,50475262042,0.17224415916113053,71.06137275695801,236,299
75,4,86846008552,0.0,0.0,8,300
75,7,16991714067,0.0,0.0,14,300
75,7,52240675866,0.0,0.0,24,300
75,4,20593394208,0.0,0.0,38,300
75,4,67759995671,0.0,0.0,59,300
75,56,44795021829,0.0,0.0,80,300
75,83,65714447390,0.0,0.0,105,300
75,100,41067990499,0.0,0.0,122,300
75,38,78866921701,0.0,0.0,157,300
75,159,93294150691,0.0,0.0,194,300
75,169,44795021829,0.0,0.0,230,300
75,175,48677314279,0.0,0.0,234,300
14,6,31089643551,0.10283984020773365,72.3414421081543,14,1683
15,7,81689021565,0.0,0.0,14,1684
21,2,83979486997,0.0,0.0,14,1684
60,1,46394949660,0.0,0.0,3,1684
60,2,37788123504,0.0,0.0,3,1684
60,1,31300352392,0.0,0.0,5,1684
60,5,89624831611,0.0,0.0,6,1684
60,2,18506554406,0.0,0.0,12,1684
60,13,99379162586,0.0,0.0,14,1684
6,12,3435653336,0.0,0.0,26,1671
7,20,79337554881,0.0,0.0,26,1671
10,17,34775369431,0.21954854107913163,73.75836372375488,25,1670
56,2,30032555086,0.0,0.0,3,1671
56,1,85515506964,0.0,0.0,6,1671
56,3,33267817896,0.0,0.0,7,1671
56,3,78922681425,0.0,0.0,8,1671
56,7,74872812082,0.0,0.0,8,1671
56,7,85851991233,0.0,0.0,11,1671
56,2,87196112400,0.0,0.0,13,1671
56,4,22076906184,0.0,0.0,15,1671
56,4,48485423847,0.0,0.0,17,1671
56,16,28285549533,0.0,0.0,18,1671
56,2,86792373765,0.0,0.0,22,1671
56,16,12179291743,0.0,0.0,24,1671
56,6,83121975509,0.0,0.0,25,1671
56,24,10485168670,0.0,0.0,25,1671
1,8,17157701186,0.0198575460965463,72.73173332214355,25,1699
10,24,14204111432,0.06348871263817882,72.71790504455566,25,1698
14,17,91728451156,0.0,0.0,25,1700
19,1,45310920127,0.0,0.0,2,1700
19,1,39075747410,0.0,0.0,4,1700
19,2,38487090135,0.0,0.0,6,1700
19,1,59307661261,0.0,0.0,8,1700
19,1,19134277604,0.0,0.0,8,1700
19,5,18530465018,0.0,0.0,10,1700
19,8,44259259592,0.0,0.0,13,1700
19,7,56461504918,0.0,0.0,16,1700
19,14,60740758141,0.0,0.0,17,1700
19,2,96569709480,0.0,0.0,19,1700
19,6,92421374969,0.0,0.0,21,1700
19,1,44944174301,0.0,0.0,21,1700
19,22,4484415298,0.0,0.0,25,1700
19,22,93435621462,0.0,0.0,25,1700
11,11,32572658032,0.0542062288425769,68.07518005371094,34,1698
16,23,79733688746,0.2002978157687912,73.58670234680176,34,1698
17,15,6266355599,0.0,0.0,34,1698
63,4,28862884859,0.0,0.0,5,1699
63,9,30308765516,0.0,0.0,10,1699
63,5,17614773083,0.0,0.0,10,1699
63,3,82197331757,0.0,0.0,11,1699
63,6,56902495212,0.0,0.0,12,1699
63,11,36597969115,0.0,0.0,15,1699
63,9,1831871177,0.0,0.0,19,1699
63,9,63465123836,0.0,0.0,21,1699
63,16,44952011491,0.0,0.0,24,1699
63,15,9422987587,0.0,0.0,26,1699
63,5,69738205391,0.0,0.0,34,1699
10,20,38873823429,0.09844743211326444,71.16580009460449,27,1709
14,15,20486425490,0.01467507594980436,72.24154472351074,27,1709
24,9,16225737227,0.0,0.0,27,1710
80,1,22961591949,0.0,0.0,2,1710
80,1,98257237440,0.0,0.0,4,1710
80,3,80929056568,0.0,0.0,4,1710
80,4,14129274435,0.0,0.0,7,1710
80,2,39712413703,0.0,0.0,9,1710
80,1,6893108048,0.0,0.0,10,1710
80,5,27474450232,0.0,0.0,13,1710
80,15,82503688500,0.0,0.0,17,1710
80,15,34959933701,0.0,0.0,22,1710
80,1,23802103978,0.0,0.0,25,1710
80,22,9311633265,0.0,0.0,27,1710
12,4,1341498728,0.02284335717360296,75.71554183959961,17,1725
13,14,2213183763,0.0,0.0,17,1726
17,8,90597318607,0.0,0.0,17,1726
18,1,83200581191,0.0,0.0,2,1726
18,1,80175069348,0.0,0.0,3,1726
18,3,78529732093,0.0,0.0,4,1726
18,4,10898792407,0.0,0.0,5,1726
18,3,92824558878,0.0,0.0,8,1726
18,5,8221003382,0.0,0.0,11,1726
18,6,46127777668,0.0,0.0,11,1726
18,1,35196617656,0.0,0.0,14,1726
18,2,27646450319,0.0,0.0,15,1726
18,6,17300412155,0.0,0.0,15,1726
18,2,97305373589,0.0,0.0,17,1726
1,18,98300043566,0.0,0.0,35,1661
21,33,6418375345,0.038825246815097164,70.91951370239258,35,1660
22,5,8735617860,0.09805041738483458,72.49283790588379,35,1660
29,3,34468291774,0.0,0.0,4,1661
29,4,27807877340,0.0,0.0,6,1661
29,4,51191368144,0.0,0.0,10,1661
29,6,18914931487,0.0,0.0,11,1661
29,3,88414167663,0.0,0.0,14,1661
29,7,34118896128,0.0,0.0,17,1661
29,8,76671764334,0.0,0.0,18,1661
29,13,69097311659,0.0,0.0,27,1661
29,7,52407513885,0.0,0.0,27,1661
29,25,53511670314,0.0,0.0,34,1661
29,1,63234562036,0.0,0.0,34,1661
5,14,82569859944,0.0,0.0,16,1643
19,7,96398663837,0.0,0.0,16,1643
22,8,79845962233,0.060860022148842424,79.07271385192871,16,1642
15,13,49873876096,0.0,0.0,36,1645
19,29,46977267186,0.0,0.0,37,1645
25,31,94489747795,0.07178099192179997,72.82853126525879,36,1644
1,144,80054132434,0.0,0.0,224,1663
4,28,26615953237,0.0,0.0,224,1663
25,214,53294015170,0.19681044994174385,71.73514366149902,224,1662
10,230,53681066576,0.0,0.0,253,1682
14,121,31099240253,0.11812332677107724,71.45476341247559,252,1681
20,102,90004154693,0.0,0.0,251,1682
30,1,49710742106,0.0,0.0,3,1682
30,1,65802320123,0.0,0.0,3,1682
30,2,49535123953,0.0,0.0,6,1682
30,4,39411814314,0.0,0.0,6,1682
30,4,58931357746,0.0,0.0,6,1682
30,5,64112540327,0.0,0.0,10,1682
30,1,70184831538,0.0,0.0,13,1682
30,18,35035532612,0.0,0.0,19,1682
30,6,95515439488,0.0,0.0,21,1682
30,3,68328386574,0.0,0.0,26,1682
30,17,68371168207,0.0,0.0,32,1682
30,25,59260570287,0.0,0.0,36,1682
30,18,4528641228,0.0,0.0,36,1682
30,21,15856006806,0.0,0.0,39,1682
30,4,30069522908,0.0,0.0,45,1682
30,24,6657295539,0.0,0.0,52,1682
30,2,94224137061,0.0,0.0,56,1682
30,58,59304279537,0.0,0.0,63,1682
30,8,49478406212,0.0,0.0,69,1682
30,17,82771458970,0.0,0.0,71,1682
30,35,70838303636,0.0,0.0,75,1682
30,61,79358866998,0.0,0.0,80,1682
30,32,39322921178,0.0,0.0,84,1682
30,51,76592952305,0.0,0.0,93,1682
30,49,46948876474,0.0,0.0,105,1682
30,101,95355055096,0.0,0.0,111,1682
30,93,28676727444,0.0,0.0,120,1682
30,103,53297123304,0.0,0.0,125,1682
30,131,48552816816,0.0,0.0,139,1682
30,31,46767230911,0.0,0.0,147,1682
30,141,16940602707,0.0,0.0,163,1682
30,31,3775017746,0.0,0.0,168,1682
30,57,19312704720,0.0,0.0,179,1682
30,23,31457282513,0.0,0.0,188,1682
30,104,27722984191,0.0,0.0,198,1682
30,48,47195385385,0.0,0.0,215,1682
30,53,26918820243,0.0,0.0,221,1682
30,15,64671211611,0.0,0.0,229,1682
30,6,58086419938,0.0,0.0,240,1682
30,100,27054004421,0.0,0.0,251,1682
30,243,35514973205,0.0,0.0,251,1682
0,73,69975248660,0.0,0.0,236,1630
12,184,46897219252,0.0509480751332451,41.63384437561035,240,1629
24,182,1394676459,0.0,0.0,235,1630
45,2,50624542080,0.0,0.0,3,1630
45,2,17711155316,0.0,0.0,5,1630
45,2,79864599931,0.0,0.0,6,1630
45,7,70980891288,0.0,0.0,10,1630
45,4,70654804697,0.0,0.0,13,1630
45,3,26573178672,0.0,0.0,16,1630
45,5,63599877784,0.0,0.0,18,1630
45,3,63817004849,0.0,0.0,20,1630
45,6,73703268776,0.0,0.0,24,1630
45,22,80641338941,0.0,0.0,30,1630
45,11,28208033072,0.0,0.0,32,1630
45,28,14355912270,0.0,0.0,35,1630
45,18,43351108492,0.0,0.0,39,1630
45,32,24733107163,0.0,0.0,41,1630
45,37,80594872615,0.0,0.0,44,1630
45,18,71008040667,0.0,0.0,46,1630
45,33,57288049645,0.0,0.0,50,1630
45,47,44394704699,0.0,0.0,60,1630
45,56,58286688598,0.0,0.0,64,1630
45,20,54882314910,0.0,0.0,66,1630
45,20,30775897514,0.0,0.0,70,1630
45,4,80511977633,0.0,0.0,78,1630
45,69,57903670396,0.0,0.0,81,1630
45,25,71790488354,0.0,0.0,88,1630
45,48,22226875285,0.0,0.0,92,1630
45,25,42291574369,0.0,0.0,101,1630
45,9,78889509079,0.0,0.0,104,1630
45,59,1394676459,0.0,0.0,114,1630
45,91,30499263187,0.0,0.0,124,1630
45,124,57319210850,0.0,0.0,130,1630
45,141,57913459074,0.0,0.0,144,1630
45,94,4332654248,0.0,0.0,148,1630
45,11,56318418723,0.0,0.0,157,1630
45,141,15604230847,0.0,0.0,164,1630
45,131,47457522970,0.0,0.0,175,1630
45,46,43518909530,0.0,0.0,183,1630
45,22,44082459858,0.0,0.0,190,1630
45,78,12804532283,0.0,0.0,198,1630
45,159,83023740975,0.0,0.0,211,1630
45,63,23313916150,0.0,0.0,222,1630
45,193,5585104946,0.0,0.0,231,1630
45,146,33442209635,0.0,0.0,233,1630
3,172,92892965556,0.054890317573433774,48.70891571044922,317,1608
12,186,82247404732,0.0,0.0,315,1609
24,54,64065169975,0.20302913415055,51.64957046508789,314,1608
41,1,69087227163,0.0,0.0,2,1609
41,3,69045015432,0.0,0.0,6,1609
41,7,12548552095,0.0,0.0,9,1609
41,7,47315856037,0.0,0.0,14,1609
41,7,71466197472,0.0,0.0,16,1609
41,5,70736713991,0.0,0.0,21,1609
41,1,78581657783,0.0,0.0,21,1609
41,23,50136349317,0.0,0.0,25,1609
41,4,83733124525,0.0,0.0,31,1609
41,18,87535177125,0.0,0.0,31,1609
41,20,43882645346,0.0,0.0,40,1609
41,3,32391293546,0.0,0.0,41,1609
41,5,66019559795,0.0,0.0,42,1609
41,44,65420776170,0.0,0.0,53,1609
41,37,84474273007,0.0,0.0,56,1609
41,24,95240610518,0.0,0.0,62,1609
41,10,64652943104,0.0,0.0,65,1609
41,23,97541169621,0.0,0.0,69,1609
41,26,55645887523,0.0,0.0,75,1609
41,43,2625741418,0.0,0.0,79,1609
41,42,3469768117,0.0,0.0,82,1609
41,11,48428516200,0.0,0.0,85,1609
41,54,99533512806,0.0,0.0,94,1609
41,29,90209537387,0.0,0.0,104,1609
41,29,90475413037,0.0,0.0,109,1609
41,101,83796640293,0.0,0.0,114,1609
41,97,41738665035,0.0,0.0,122,1609
41,75,43882645346,0.0,0.0,134,1609
41,31,61554007024,0.0,0.0,143,1609
41,91,51240432120,0.0,0.0,149,1609
41,147,27034656444,0.0,0.0,155,1609
41,71,67547321062,0.0,0.0,163,1609
41,123,14086178510,0.0,0.0,177,1609
41,119,38608373854,0.0,0.0,185,1609
41,167,65530577881,0.0,0.0,190,1609
41,182,68358470054,0.0,0.0,204,1609
41,116,3491496925,0.0,0.0,220,1609
41,187,66162100820,0.0,0.0,226,1609
41,148,54730529644,0.0,0.0,234,1609
41,148,29687551839,0.0,0.0,246,1609
41,224,45346382856,0.0,0.0,249,1609
41,31,17308684540,0.0,0.0,265,1609
41,71,87064763321,0.0,0.0,281,1609
41,265,78005383271,0.0,0.0,290,1609
41,62,87372379755,0.0,0.0,302,1609
41,188,43285725713,0.0,0.0,307,1609
41,106,49573229257,0.0,0.0,314,1609
1,93,25219711922,0.2130201492010732,38.16342353820801,242,1647
10,15,75452404615,0.0,0.0,241,1648
23,206,68467604682,0.0,0.0,243,1648
47,2,93802126112,0.0,0.0,4,1648
47,3,55593770699,0.0,0.0,4,1648
47,2,48344800783,0.0,0.0,8,1648
47,9,29538997662,0.0,0.0,10,1648
47,6,85861228841,0.0,0.0,11,1648
47,3,33833000040,0.0,0.0,13,1648
47,12,9571529109,0.0,0.0,16,1648
47,2,85272670742,0.0,0.0,19,1648
47,17,71993888936,0.0,0.0,22,1648
47,6,11690548114,0.0,0.0,25,1648
47,8,93425712190,0.0,0.0,26,1648
47,15,87252322070,0.0,0.0,29,1648
47,30,23511070701,0.0,0.0,32,1648
47,15,19369979837,0.0,0.0,36,1648
47,12,51538832611,0.0,0.0,42,1648
47,6,33655589890,0.0,0.0,44,1648
47,17,32822490391,0.0,0.0,47,1648
47,38,83266464915,0.0,0.0,51,1648
47,40,49258891990,0.0,0.0,58,1648
47,12,85133183426,0.0,0.0,64,1648
47,53,2534817335,0.0,0.0,70,1648
47,36,86403643646,0.0,0.0,72,1648
47,1,92174702798,0.0,0.0,78,1648
47,8,30951127426,0.0,0.0,84,1648
47,41,7366889352,0.0,0.0,92,1648
47,58,81399299952,0.0,0.0,97,1648
47,24,30203297237,0.0,0.0,100,1648
47,24,80554190684,0.0,0.0,110,1648
47,37,66791147734,0.0,0.0,119,1648
47,88,87447930030,0.0,0.0,125,1648
47,79,13086250791,0.0,0.0,129,1648
47,71,43093370369,0.0,0.0,136,1648
47,139,62859140938,0.0,0.0,142,1648
47,62,10616239868,0.0,0.0,146,1648
47,9,37889314615,0.0,0.0,152,1648
47,52,25042058694,0.0,0.0,157,1648
47,146,52866242221,0.0,0.0,164,1648
47,78,85098456385,0.0,0.0,173,1648
47,148,10634724008,0.0,0.0,183,1648
47,120,73702781398,0.0,0.0,186,1648
47,181,67641619940,0.0,0.0,198,1648
47,125,55706047177,0.0,0.0,209,1648
47,101,39548037078,0.0,0.0,213,1648
47,44,4016501000,0.0,0.0,221,1648
47,201,79076679923,0.0,0.0,225,1648
47,51,19369979837,0.0,0.0,237,1648
47,46,7625365598,0.0,0.0,241,1648
1,187,36386485943,0.0,0.0,216,1649
5,105,80720827866,0.06545458099282091,66.13755226135254,218,1648
5,163,48410469652,0.08238643134556634,56.969404220581055,218,1648
45,1,56044682951,0.0,0.0,4,1649
45,3,23707685605,0.0,0.0,6,1649
45,6,45671288874,0.0,0.0,7,1649
45,6,36363386415,0.0,0.0,8,1649
45,6,10059073284,0.0,0.0,10,1649
45,9,33528932156,0.0,0.0,11,1649
45,3,84246403631,0.0,0.0,13,1649
45,11,53830549538,0.0,0.0,16,1649
45,15,58701088518,0.0,0.0,16,1649
45,4,58937681195,0.0,0.0,20,1649
45,20,53878915381,0.0,0.0,23,1649
45,12,41327998616,0.0,0.0,26,1649
45,7,14277011698,0.0,0.0,27,1649
45,16,93684357162,0.0,0.0,31,1649
45,9,69825441220,0.0,0.0,32,1649
45,11,66867108221,0.0,0.0,35,1649
45,12,66029424801,0.0,0.0,41,1649
45,28,93286851216,0.0,0.0,44,1649
45,40,26938283460,0.0,0.0,45,1649
45,37,46099544462,0.0,0.0,54,1649
45,35,93585198624,0.0,0.0,56,1649
45,22,79327194398,0.0,0.0,59,1649
45,41,75349030281,0.0,0.0,59,1649
45,44,85740614674,0.0,0.0,65,1649
45,69,57035876810,0.0,0.0,71,1649
45,3,685126172,0.0,0.0,71,1649
45,9,46891790669,0.0,0.0,73,1649
45,16,76957569419,0.0,0.0,81,1649
45,26,95325698585,0.0,0.0,87,1649
45,44,53315444170,0.0,0.0,95,1649
45,60,71854269666,0.0,0.0,101,1649
45,7,3714539447,0.0,0.0,104,1649
45,5,71455439455,0.0,0.0,109,1649
45,36,14958553415,0.0,0.0,114,1649
45,9,3133795346,0.0,0.0,117,1649
45,124,31100286556,0.0,0.0,127,1649
45,8,41424837858,0.0,0.0,131,1649
45,19,80908485294,0.0,0.0,139,1649
45,142,22554824070,0.0,0.0,151,1649
45,152,57874065881,0.0,0.0,161,1649
45,103,88456393267,0.0,0.0,168,1649
45,103,42366773724,0.0,0.0,174,1649
45,133,87581530797,0.0,0.0,182,1649
45,152,329828839,0.0,0.0,188,1649
45,14,76404176453,0.0,0.0,197,1649
45,22,31651062720,0.0,0.0,205,1649
45,85,87030677527,0.0,0.0,212,1649
45,67,43794029294,0.0,0.0,216,1649
1,242,86280832893,0,0,266,1619
17,155,81344123510,0,0,266,1619
22,182,28110699508,0,0,266,1619
47,1,96194915384,0,0,2,1619
47,3,60730263254,0,0,4,1619
47,2,48263330218,0,0,4,1619
47,5,50131836087,0,0,8,1619
47,5,75322592921,0,0,10,1619
47,10,2793463621,0,0,12,1619
47,3,76054069428,0,0,12,1619
47,12,49485062479,0,0,14,1619
47,3,96359689149,0,0,19,1619
47,16,53140060238,0,0,19,1619
47,6,81365403026,0,0,21,1619
47,15,28197673471,0,0,25,1619
47,24,6015173571,0,0,31,1619
47,15,97475940179,0,0,37,1619
47,7,64943289750,0,0,40,1619
47,13,6203989155,0,0,43,1619
47,3,77869975871,0,0,46,1619
47,25,58036006479,0,0,48,1619
47,53,42435246658,0,0,56,1619
47,44,24981069940,0,0,57,1619
47,50,70210253879,0,0,62,1619
47,35,82879613380,0,0,68,1619
47,31,22295396962,0,0,68,1619
47,64,14721046463,0,0,76,1619
47,77,87443868715,0,0,80,1619
47,53,79307759677,0,0,84,1619
47,2,92282327139,0,0,85,1619
47,15,57509882623,0,0,90,1619
47,63,34949757622,0,0,92,1619
47,34,82470325674,0,0,100,1619
47,56,6310014926,0,0,105,1619
47,108,58595799449,0,0,110,1619
47,43,62374215880,0,0,115,1619
47,20,9262436602,0,0,116,1619
47,26,69074150912,0,0,120,1619
47,10,82541590997,0,0,130,1619
47,1,83976016286,0,0,135,1619
47,26,14624427923,0,0,144,1619
47,152,22152201747,0,0,154,1619
47,130,22147698984,0,0,161,1619
47,17,35666574635,0,0,165,1619
47,155,29072493024,0,0,170,1619
47,75,64916554208,0,0,175,1619
47,38,12622892836,0,0,185,1619
47,197,69134671265,0,0,198,1619
47,19,40076769734,0,0,207,1619
47,27,87299630419,0,0,211,1619
47,187,42528327888,0,0,219,1619
47,167,17436951900,0,0,226,1619
47,140,90162051485,0,0,230,1619
47,31,3140345649,0,0,239,1619
47,90,21507273179,0,0,246,1619
47,133,47346104531,0,0,246,1619
47,9,74639424967,0,0,262,1619
47,17,60455029036,0,0,266,1619
3,105,13059908704,0.0,0.0,195,1595
3,49,42611260539,0.21987375061796247,40.035247802734375,195,1594
16,192,47625639064,0.0,0.0,195,1595
56,1,26457351252,0.0,0.0,2,1595
56,2,51329921298,0.0,0.0,3,1595
56,1,55392277551,0.0,0.0,3,1595
56,1,56579482236,0.0,0.0,5,1595
56,3,60000600568,0.0,0.0,7,1595
56,1,24065930840,0.0,0.0,7,1595
56,4,85578282068,0.0,0.0,11,1595
56,10,40526134904,0.0,0.0,12,1595
56,4,89085119388,0.0,0.0,14,1595
56,2,46923334195,0.0,0.0,16,1595
56,9,11627083610,0.0,0.0,17,1595
56,11,67581527020,0.0,0.0,19,1595
56,16,34185934410,0.0,0.0,23,1595
56,7,94750512396,0.0,0.0,23,1595
56,4,51388315244,0.0,0.0,26,1595
56,20,36879861598,0.0,0.0,28,1595
56,11,10234526617,0.0,0.0,31,1595
56,1,85578282068,0.0,0.0,33,1595
56,33,99480167294,0.0,0.0,36,1595
56,16,55322348245,0.0,0.0,39,1595
56,14,75920273006,0.0,0.0,44,1595
56,20,14057389839,0.0,0.0,49,1595
56,38,59312822625,0.0,0.0,52,1595
56,39,67910615273,0.0,0.0,59,1595
56,13,69100478592,0.0,0.0,63,1595
56,4,14331287580,0.0,0.0,63,1595
56,27,769286947,0.0,0.0,67,1595
56,15,468713156,0.0,0.0,71,1595
56,23,56893040171,0.0,0.0,71,1595
56,36,41456744666,0.0,0.0,72,1595
56,71,2898222985,0.0,0.0,76,1595
56,26,67360635413,0.0,0.0,80,1595
56,79,92770800051,0.0,0.0,85,1595
56,27,67025056409,0.0,0.0,89,1595
56,33,48551823870,0.0,0.0,91,1595
56,53,14541827988,0.0,0.0,92,1595
56,40,2998822028,0.0,0.0,100,1595
56,11,53022167721,0.0,0.0,104,1595
56,95,29422392618,0.0,0.0,106,1595
56,102,55627395798,0.0,0.0,113,1595
56,10,88689061927,0.0,0.0,117,1595
56,30,81602290743,0.0,0.0,124,1595
56,50,22263729657,0.0,0.0,125,1595
56,33,86028412214,0.0,0.0,132,1595
56,46,18576000386,0.0,0.0,137,1595
56,35,55259008843,0.0,0.0,143,1595
56,78,26738178656,0.0,0.0,147,1595
56,37,66060267437,0.0,0.0,152,1595
56,135,59091382741,0.0,0.0,157,1595
56,43,1757861969,0.0,0.0,165,1595
56,80,95429226702,0.0,0.0,170,1595
56,135,81268013699,0.0,0.0,174,1595
56,159,36743768518,0.0,0.0,182,1595
56,87,62989727996,0.0,0.0,184,1595
56,99,83046122912,0.0,0.0,191,1595
56,14,77462276651,0.0,0.0,195,1595
12,239,87020057946,0.22817468045798595,47.59073257446289,285,1695
19,112,7217098061,0.037832988258033176,48.3396053314209,285,1695
22,79,3143264686,0.0,0.0,288,1696
10,7,26032599759,0.0,0.0,216,1660
19,157,64385439413,0.01681292488803103,43.59245300292969,215,1659
21,61,85418635166,0.04945617686003651,45.61662673950195,214,1659
0,10,15810691676,0,0,169,1674
11,26,42739490342,0,0,171,1674
14,90,21792154725,0,0,169,1674
6,34,34103748390,0.0,0.0,231,1658
10,64,76403648185,0.03241903286871829,53.278207778930664,234,1657
17,223,5974960180,0.03481873354573742,60.88614463806152,230,1657
7,270,76280538212,0.03524681152426403,43.051958084106445,291,1648
12,143,83355062588,0.0,0.0,290,1649
18,73,48278732233,0.0,0.0,291,1649
1,284,93061874320,0.02389059824225363,47.61958122253418,285,1612
1,164,67012692974,0.024394623163530926,51.48172378540039,285,1613
23,156,18483503824,0.004418681858881567,69.7789192199707,286,1613
2,212,61410594711,0.19083296680912837,39.11256790161133,269,1663
21,153,92361142026,0.0,0.0,268,1664
23,86,94482150897,0.0,0.0,269,1664
1,48,14169123102,0.044410736188327145,54.388999938964844,255,1724
14,199,30316146500,0.3999995474927269,44.76284980773926,255,1724
16,61,27312344372,0.0596583609262407,43.5175895690918,255,1724
5,57,93876020942,0.0,0.0,197,1646
7,109,54602246544,0.028563913980349562,60.67705154418945,197,1645
14,3,99076648434,0.14526621693314123,51.31101608276367,197,1645
8,27,19191638247,0.04992801132536206,43.485403060913086,237,1561
17,146,6507717039,0.0,0.0,237,1562
25,218,73826456318,0.0,0.0,237,1562
9,235,81437986339,0.043983299603262874,50.51875114440918,238,1693
10,84,20363750937,0.0427343552923009,62.72077560424805,235,1693
13,110,2796398557,0.0,0.0,235,1694
18,93,12980124886,0.16930616880740293,71.28405570983887,222,1603
21,184,51667849966,0.0,0.0,220,1604
23,120,60366466118,0.021544325702715764,56.83255195617676,220,1603
7,160,88581086648,0.0008005950480513065,51.346778869628906,293,1642
8,188,28802717369,0.0,0.0,295,1643
13,183,81763892665,0.043552728762190816,58.33292007446289,296,1642
21,1,34447371227,0.0021319564911259034,72.00932502746582,270,1721
25,236,2438749100,0.04752964070489958,50.33731460571289,270,1721
26,92,11017463982,0.007967345757570377,51.45573616027832,271,1721
14,18,25048642876,0.05372810915453273,45.050621032714844,276,1743
22,196,64626602502,0.0,0.0,276,1744
24,120,25120011478,0.03306478133336923,70.57690620422363,277,1743
7,75,97337887712,0.06964369764304092,40.56143760681152,289,1685
16,11,47778961818,0.0,0.0,290,1686
18,252,54988042028,0.0,0.0,291,1686
9,196,37587027521,0,0,252,1724
12,20,9444889851,0,0,252,1724
20,236,33403171516,0,0,253,1724
14,79,1452136459,0.11775561913228356,58.79807472229004,196,1662
24,110,89093567847,0.015585300615817374,52.15573310852051,196,1662
25,93,87424732979,0.10485190410257415,50.00782012939453,197,1662
5,181,78991727826,0.017618666456811267,51.48625373840332,226,1654
16,224,44378562390,0.11125577308068266,44.3115234375,225,1653
22,49,61751878117,0.023626688902577107,55.31191825866699,227,1654
4,101,23081619287,0,0,246,1690
23,130,59606740431,0,0,245,1690
24,195,82143671005,0,0,245,1690
9,199,52648410539,0,0,244,1715
12,220,19294584944,0,0,245,1715
23,229,38772451239,0,0,248,1715
14,174,60327096460,0.028326816967134592,42.548418045043945,216,1711
24,195,77749335498,0.0,0.0,217,1712
25,158,24237673145,0.0,0.0,217,1712
5,73,21337573859,0.046716468179833645,46.25535011291504,226,1608
6,95,49769654426,0.11194040092303037,54.546356201171875,225,1608
13,78,97321816032,0.04610157718124088,61.16223335266113,226,1608
1,129,50448336593,0.07994316287479342,64.2695426940918,268,1673
22,112,96717947164,0.0,0.0,267,1674
24,93,69325742650,0.020769080997238978,53.68471145629883,267,1673
12,202,4895622277,0,0,260,1660
18,215,282765879,0,0,262,1660
23,101,74117004158,0,0,260,1660
0,27,27377051764,0.007227255234698009,52.36387252807617,251,1730
6,12,99919368034,0.0,0.0,251,1731
26,50,50005357462,0.0,0.0,252,1731
10,21,35342742199,0.0,0.0,212,1740
25,115,11004615466,0.05534559258103687,52.67763137817383,213,1739
26,36,85981573019,0.0,0.0,213,1740
7,166,91940384143,0,0,253,1653
7,82,93280701224,0,0,253,1653
25,29,29437720604,0,0,253,1653
